INSERT INTO rol(ID, ROLNOMBRE) VALUES (1, 'ROLE_USER');
INSERT INTO rol(ID, ROLNOMBRE) VALUES (2, 'ROLE_ADMIN');

INSERT INTO usuario(NOMBRE, NOMBREUSUARIO, EMAIL, PASSWORD) VALUES ('alumno', 'alumno', 'alumno@gmail.com', '$2a$10$fELDKNlb5SgZxXBsXwEJ8u5hOqjz5YsBmcJInhz4bh5a6Iilf06Ae');
INSERT INTO usuario(NOMBRE, NOMBREUSUARIO, EMAIL, PASSWORD) VALUES ('alumno2', 'alumno2', 'alumno2@gmail.com', '$2a$10$fELDKNlb5SgZxXBsXwEJ8u5hOqjz5YsBmcJInhz4bh5a6Iilf06Ae');
INSERT INTO usuario(NOMBRE, NOMBREUSUARIO, EMAIL, PASSWORD) VALUES ('profesor', 'profesor', 'profesor@gmail.com', '$2a$10$.UwZfShn.bN8fJ8kE/Kq3.frOHTxHglAk5VgIXnA1XCJkIDtRwRl.');

INSERT INTO USUARIO_ROL(USUARIO_ID, ROL_ID) VALUES('alumno', 1);
INSERT INTO USUARIO_ROL(USUARIO_ID, ROL_ID) VALUES('alumno2', 1);
INSERT INTO USUARIO_ROL(USUARIO_ID, ROL_ID) VALUES('profesor', 2);

INSERT INTO alumno(ID, NOMBREUSUARIO) VALUES (1, 'alumno');
INSERT INTO alumno(ID, NOMBREUSUARIO) VALUES (2, 'alumno2');
INSERT INTO profesor(ID, NOMBREUSUARIO) VALUES (1, 'profesor');

INSERT INTO asignatura(ID, NOMBRE, DESCRIPCION, CURSO, CODIGO, PROFESOR_ID) VALUES (1, 'Matematicas', 'Matematicas Asignatura', '1A', 'AAAA111', 1);
INSERT INTO asignatura(ID, NOMBRE, DESCRIPCION, CURSO, CODIGO, PROFESOR_ID) VALUES (2, 'Lengua', 'Lengua Asignatura', '2B', 'BBBB222', 1);
INSERT INTO asignatura(ID, NOMBRE, DESCRIPCION, CURSO, CODIGO, PROFESOR_ID) VALUES (3, 'Ingles', 'Ingles Asignatura', '3B', 'CCCC333', 1);

INSERT INTO ALUMNO_ASIGNATURA(ID, ESTADO, PUNTOS, ALUMNO_ID, ASIGNATURA_ID) VALUES (1, 'PETICION_ENVIADA', 100, 1, 1);
INSERT INTO ALUMNO_ASIGNATURA(ID, ESTADO, PUNTOS, ALUMNO_ID, ASIGNATURA_ID) VALUES (2, 'PETICION_ENVIADA', 200, 2, 1);


INSERT INTO tema(ID, NOMBRE, DESCRIPCION, ASIGNATURA_ID) VALUES (1, 'Tema 1', 'Desc tema 1', 1);
INSERT INTO tema(ID, NOMBRE, DESCRIPCION, ASIGNATURA_ID) VALUES (2, 'Tema 2', 'Desc tema 2', 1);
INSERT INTO tema(ID, NOMBRE, DESCRIPCION, ASIGNATURA_ID) VALUES (3, 'Tema 3', 'Desc tema 3', 1);
INSERT INTO tema(ID, NOMBRE, DESCRIPCION, ASIGNATURA_ID) VALUES (4, 'Tema 1', 'Desc tema 1', 2);
INSERT INTO tema(ID, NOMBRE, DESCRIPCION, ASIGNATURA_ID) VALUES (5, 'Tema 1', 'Desc tema 1', 3);


INSERT INTO artefacto(ID, NOMBRE, DESCRIPCION, COSTEPUNTOS, ESTADO, TEMPORAL, FECHAINICIO, FECHAFIN, ASIGNATURA_ID, REPETIBLE) VALUES (1, '1 punto mas en examen', '1 punto mas en examen', 100, 'PUBLICADO', false, null, null, 1, true);
INSERT INTO artefacto(ID, NOMBRE, DESCRIPCION, COSTEPUNTOS, ESTADO, TEMPORAL, FECHAINICIO, FECHAFIN, ASIGNATURA_ID, REPETIBLE) VALUES (2, '2 punto mas en examen', '2 punto mas en examen', 500, 'PUBLICADO', false, null, null, 1, true);
INSERT INTO artefacto(ID, NOMBRE, DESCRIPCION, COSTEPUNTOS, ESTADO, TEMPORAL, FECHAINICIO, FECHAFIN, ASIGNATURA_ID, REPETIBLE) VALUES (3, 'DAR ARTEFACTO', 'DAR ARTEFACTO', 500000, 'PUBLICADO', false, null, null, 1, true);


INSERT INTO LOGRO(ID, DESCRIPCION, NOMBRE, ASIGNATURA_ID) VALUES (1, 'LOGRO', 'LOGRO', 1);
INSERT INTO LOGRO(ID, DESCRIPCION, NOMBRE, ASIGNATURA_ID) VALUES (2, 'LOGRO_2', 'LOGRO_2', 1);
INSERT INTO LOGRO(ID, DESCRIPCION, NOMBRE, ASIGNATURA_ID) VALUES (3, 'LOGRO ARTEFACTO', 'LOGRO ARTEFACTO', 1);


INSERT INTO ARTEFACTO_LOGRO(LOGRO_ID, ARTEFACTO_ID, DESBLOQUEAR, OBTENER) VALUES(1, 1, false, false);
INSERT INTO ARTEFACTO_LOGRO(LOGRO_ID, ARTEFACTO_ID, DESBLOQUEAR, OBTENER) VALUES(2, 1, false, false);
INSERT INTO ARTEFACTO_LOGRO(LOGRO_ID, ARTEFACTO_ID, DESBLOQUEAR, OBTENER) VALUES(3, 3, false, true);


INSERT INTO RETO(ID, DESCRIPCION, NOMBRE, PUNTOS_OTORGADOS, ASIGNATURA_ID, LOGRO_ID, TEMPORAL, FECHAINICIO, FECHAFIN, AUTOMATICO) VALUES (1, 'Reto', 'Reto', 100, 1, 1, false, null, null, false);
INSERT INTO RETO(ID, DESCRIPCION, NOMBRE, PUNTOS_OTORGADOS, ASIGNATURA_ID, LOGRO_ID, TEMPORAL, FECHAINICIO, FECHAFIN, AUTOMATICO) VALUES (2, 'Reto2', 'Reto2', 100, 1, 1, false, null, null, false);
INSERT INTO RETO(ID, DESCRIPCION, NOMBRE, PUNTOS_OTORGADOS, ASIGNATURA_ID, LOGRO_ID, TEMPORAL, FECHAINICIO, FECHAFIN, AUTOMATICO) VALUES (3, 'Reto Artefacto', 'Reto Artefacto', 100, 1, 3, false, null, null, false);
INSERT INTO RETO(ID, DESCRIPCION, NOMBRE, PUNTOS_OTORGADOS, ASIGNATURA_ID, LOGRO_ID, TEMPORAL, FECHAINICIO, FECHAFIN, AUTOMATICO) VALUES (4, 'Reto Artefacto2', 'RetoArtefacto', 100, 1, 3, false, null, null, false);


INSERT INTO ALUMNOS_RETOS(ID, ESTADO, ALUMNO_ID, RETO_ID) VALUES (1, 'COMPLETADO', 1, 1);
INSERT INTO ALUMNOS_RETOS(ID, ESTADO, ALUMNO_ID, RETO_ID) VALUES (2, 'COMPLETADO', 2, 1);
INSERT INTO ALUMNOS_RETOS(ID, ESTADO, ALUMNO_ID, RETO_ID) VALUES (3, 'COMPLETADO', 1, 2);


INSERT INTO PREGUNTA(ID, ENUNCIADO, ALUMNO_ID, ASIGNATURA_ID, TEMA_ID) VALUES (1, '¿Cual es el nombre del rey?', 1, 1, 1);
INSERT INTO PREGUNTA(ID, ENUNCIADO, ALUMNO_ID, ASIGNATURA_ID, TEMA_ID) VALUES (2, '¿En que deporte juega el betis?', 1, 1, 1);
INSERT INTO PREGUNTA(ID, ENUNCIADO, ALUMNO_ID, ASIGNATURA_ID, TEMA_ID) VALUES (3, '¿Cuando acabo la guerra civil?', 1, 1, 1);
INSERT INTO PREGUNTA(ID, ENUNCIADO, ALUMNO_ID, ASIGNATURA_ID, TEMA_ID) VALUES (4, '¿Como se llama Maria?', 1, 1, 2);
INSERT INTO PREGUNTA(ID, ENUNCIADO, ALUMNO_ID, ASIGNATURA_ID, TEMA_ID) VALUES (5, '¿Quien gobierna en Espanya?', 1, 1, 3);
INSERT INTO PREGUNTA(ID, ENUNCIADO, ALUMNO_ID, ASIGNATURA_ID, TEMA_ID) VALUES (6, '¿Pregunta 2?', 1, 2, 1);
--INSERT INTO PREGUNTA(ID, ENUNCIADO, ALUMNO_ID, ASIGNATURA_ID, TEMA_ID) VALUES (7, '¿Cual es el nombre del rey?', 2, 1, 1);
--INSERT INTO PREGUNTA(ID, ENUNCIADO, ALUMNO_ID, ASIGNATURA_ID, TEMA_ID) VALUES (8, '¿Cual es el nombre del rey?', 2, 1, 1);
--INSERT INTO PREGUNTA(ID, ENUNCIADO, ALUMNO_ID, ASIGNATURA_ID, TEMA_ID) VALUES (9, '¿Cual es el nombre del rey?', 2, 1, 3);


INSERT INTO RESPUESTA(ID, ES_CORRECTA, TEXTO, PREGUNTA_ID) VALUES (1, false, 'Pepe', 1);
INSERT INTO RESPUESTA(ID, ES_CORRECTA, TEXTO, PREGUNTA_ID) VALUES (2, false, 'Manolo', 1);
INSERT INTO RESPUESTA(ID, ES_CORRECTA, TEXTO, PREGUNTA_ID) VALUES (3, true, 'Felipe', 1);

INSERT INTO RESPUESTA(ID, ES_CORRECTA, TEXTO, PREGUNTA_ID) VALUES (4, false, 'Beisbol', 2);
INSERT INTO RESPUESTA(ID, ES_CORRECTA, TEXTO, PREGUNTA_ID) VALUES (5, true, 'Futbol', 2);
INSERT INTO RESPUESTA(ID, ES_CORRECTA, TEXTO, PREGUNTA_ID) VALUES (6, false, 'MMA', 2);

INSERT INTO RESPUESTA(ID, ES_CORRECTA, TEXTO, PREGUNTA_ID) VALUES (7, false, '1690', 3);
INSERT INTO RESPUESTA(ID, ES_CORRECTA, TEXTO, PREGUNTA_ID) VALUES (8, true, '1939', 3);
INSERT INTO RESPUESTA(ID, ES_CORRECTA, TEXTO, PREGUNTA_ID) VALUES (9, false, 'No acabo', 3);

INSERT INTO RESPUESTA(ID, ES_CORRECTA, TEXTO, PREGUNTA_ID) VALUES (10, false, 'Pepa', 4);
INSERT INTO RESPUESTA(ID, ES_CORRECTA, TEXTO, PREGUNTA_ID) VALUES (11, true, 'Maria', 4);
INSERT INTO RESPUESTA(ID, ES_CORRECTA, TEXTO, PREGUNTA_ID) VALUES (12, false, 'Antonia', 4);

INSERT INTO RESPUESTA(ID, ES_CORRECTA, TEXTO, PREGUNTA_ID) VALUES (13, true, 'PSOE', 5);
INSERT INTO RESPUESTA(ID, ES_CORRECTA, TEXTO, PREGUNTA_ID) VALUES (14, false, 'PP', 5);
INSERT INTO RESPUESTA(ID, ES_CORRECTA, TEXTO, PREGUNTA_ID) VALUES (15, false, 'Nadie', 5);

INSERT INTO RESPUESTA(ID, ES_CORRECTA, TEXTO, PREGUNTA_ID) VALUES (16, false, 'No', 6);
INSERT INTO RESPUESTA(ID, ES_CORRECTA, TEXTO, PREGUNTA_ID) VALUES (17, true, 'No', 6);
INSERT INTO RESPUESTA(ID, ES_CORRECTA, TEXTO, PREGUNTA_ID) VALUES (18, false, 'No acabo', 6);

INSERT INTO TEST(ID, VISIBLE, PREGUNTAS_ELEGIBLES, DESCRIPCION, NOMBRE, NUMERO_PREGUNTAS, FECHA_INICIO, FECHA_FIN, LISTA_TEMAS, ASIGNATURA_ID) VALUES (1, false, false, 'Test 1', 'Test 1', 2, null, null, '1', '1');
INSERT INTO TEST(ID, VISIBLE, PREGUNTAS_ELEGIBLES, DESCRIPCION, NOMBRE, NUMERO_PREGUNTAS, FECHA_INICIO, FECHA_FIN, LISTA_TEMAS, ASIGNATURA_ID) VALUES (2, true, false, 'Test 2', 'Test 2', 3, null, null, '1, 2', '1');
INSERT INTO TEST(ID, VISIBLE, PREGUNTAS_ELEGIBLES, DESCRIPCION, NOMBRE, NUMERO_PREGUNTAS, FECHA_INICIO, FECHA_FIN, LISTA_TEMAS, ASIGNATURA_ID) VALUES (3, true, false, 'Test 3', 'Test 3', 3, null, null, '1, 2', '1');

INSERT INTO PUNTUACION_TEST(ID, PUNTUACION) VALUES (1, 10.0);
INSERT INTO PUNTUACION_TEST(ID, PUNTUACION) VALUES (2, 3.0);
INSERT INTO PUNTUACION_TEST(ID, PUNTUACION) VALUES (3, 7.0);
INSERT INTO PUNTUACION_TEST(ID, PUNTUACION) VALUES (4, 8.0);
INSERT INTO PUNTUACION_TEST(ID, PUNTUACION) VALUES (5, 10.0);
INSERT INTO PUNTUACION_TEST(ID, PUNTUACION) VALUES (6, 0.0);
INSERT INTO PUNTUACION_TEST(ID, PUNTUACION) VALUES (7, 5.0);


INSERT INTO TEST_PREGUNTAS(ID, ID_ALUMNO_QUE_RESPONDE, ID_RESPUESTA_SELECCIONADA, NUMERO_INTENTO, RESPONDIDA, PREGUNTA_ID, PUNTUACION_TEST_ID, TEST_ID)
VALUES (1, 1, 1, 1, TRUE, 1, 1, 1);
INSERT INTO TEST_PREGUNTAS(ID, ID_ALUMNO_QUE_RESPONDE, ID_RESPUESTA_SELECCIONADA, NUMERO_INTENTO, RESPONDIDA, PREGUNTA_ID, PUNTUACION_TEST_ID, TEST_ID)
VALUES (2, 1, 1, 1, TRUE, 1, 1, 1);
INSERT INTO TEST_PREGUNTAS(ID, ID_ALUMNO_QUE_RESPONDE, ID_RESPUESTA_SELECCIONADA, NUMERO_INTENTO, RESPONDIDA, PREGUNTA_ID, PUNTUACION_TEST_ID, TEST_ID)
VALUES (3, 1, 1, 1, TRUE, 1, 1, 1);

INSERT INTO TEST_PREGUNTAS(ID, ID_ALUMNO_QUE_RESPONDE, ID_RESPUESTA_SELECCIONADA, NUMERO_INTENTO, RESPONDIDA, PREGUNTA_ID, PUNTUACION_TEST_ID, TEST_ID)
VALUES (4, 1, 1, 2, TRUE, 1, 2, 1);
INSERT INTO TEST_PREGUNTAS(ID, ID_ALUMNO_QUE_RESPONDE, ID_RESPUESTA_SELECCIONADA, NUMERO_INTENTO, RESPONDIDA, PREGUNTA_ID, PUNTUACION_TEST_ID, TEST_ID)
VALUES (5, 1, 1, 2, TRUE, 1, 2, 1);

INSERT INTO TEST_PREGUNTAS(ID, ID_ALUMNO_QUE_RESPONDE, ID_RESPUESTA_SELECCIONADA, NUMERO_INTENTO, RESPONDIDA, PREGUNTA_ID, PUNTUACION_TEST_ID, TEST_ID)
VALUES (6, 2, 1, 1, TRUE, 1, 3, 1);
INSERT INTO TEST_PREGUNTAS(ID, ID_ALUMNO_QUE_RESPONDE, ID_RESPUESTA_SELECCIONADA, NUMERO_INTENTO, RESPONDIDA, PREGUNTA_ID, PUNTUACION_TEST_ID, TEST_ID)
VALUES (7, 2, 1, 1, TRUE, 1, 3, 1);

INSERT INTO TEST_PREGUNTAS(ID, ID_ALUMNO_QUE_RESPONDE, ID_RESPUESTA_SELECCIONADA, NUMERO_INTENTO, RESPONDIDA, PREGUNTA_ID, PUNTUACION_TEST_ID, TEST_ID)
VALUES (8, 2, 1, 1, TRUE, 1, 4, 2);
INSERT INTO TEST_PREGUNTAS(ID, ID_ALUMNO_QUE_RESPONDE, ID_RESPUESTA_SELECCIONADA, NUMERO_INTENTO, RESPONDIDA, PREGUNTA_ID, PUNTUACION_TEST_ID, TEST_ID)
VALUES (9, 2, 1, 1, TRUE, 1, 4, 2);
INSERT INTO TEST_PREGUNTAS(ID, ID_ALUMNO_QUE_RESPONDE, ID_RESPUESTA_SELECCIONADA, NUMERO_INTENTO, RESPONDIDA, PREGUNTA_ID, PUNTUACION_TEST_ID, TEST_ID)
VALUES (10, 2, 1, 1, TRUE, 1, 4, 2);

INSERT INTO TEST_PREGUNTAS(ID, ID_ALUMNO_QUE_RESPONDE, ID_RESPUESTA_SELECCIONADA, NUMERO_INTENTO, RESPONDIDA, PREGUNTA_ID, PUNTUACION_TEST_ID, TEST_ID)
VALUES (11, 1, 1, 1, TRUE, 1, 5, 3);
INSERT INTO TEST_PREGUNTAS(ID, ID_ALUMNO_QUE_RESPONDE, ID_RESPUESTA_SELECCIONADA, NUMERO_INTENTO, RESPONDIDA, PREGUNTA_ID, PUNTUACION_TEST_ID, TEST_ID)
VALUES (12, 1, 1, 1, TRUE, 1, 5, 3);

INSERT INTO TEST_PREGUNTAS(ID, ID_ALUMNO_QUE_RESPONDE, ID_RESPUESTA_SELECCIONADA, NUMERO_INTENTO, RESPONDIDA, PREGUNTA_ID, PUNTUACION_TEST_ID, TEST_ID)
VALUES (13, 1, 1, 2, TRUE, 1, 6, 3);
INSERT INTO TEST_PREGUNTAS(ID, ID_ALUMNO_QUE_RESPONDE, ID_RESPUESTA_SELECCIONADA, NUMERO_INTENTO, RESPONDIDA, PREGUNTA_ID, PUNTUACION_TEST_ID, TEST_ID)
VALUES (14, 1, 1, 2, TRUE, 1, 6, 3);

INSERT INTO TEST_PREGUNTAS(ID, ID_ALUMNO_QUE_RESPONDE, ID_RESPUESTA_SELECCIONADA, NUMERO_INTENTO, RESPONDIDA, PREGUNTA_ID, PUNTUACION_TEST_ID, TEST_ID)
VALUES (15, 2, 1, 1, TRUE, 1, 7, 3);
INSERT INTO TEST_PREGUNTAS(ID, ID_ALUMNO_QUE_RESPONDE, ID_RESPUESTA_SELECCIONADA, NUMERO_INTENTO, RESPONDIDA, PREGUNTA_ID, PUNTUACION_TEST_ID, TEST_ID)
VALUES (16, 2, 1, 1, TRUE, 1, 7, 3);
INSERT INTO TEST_PREGUNTAS(ID, ID_ALUMNO_QUE_RESPONDE, ID_RESPUESTA_SELECCIONADA, NUMERO_INTENTO, RESPONDIDA, PREGUNTA_ID, PUNTUACION_TEST_ID, TEST_ID)
VALUES (17, 2, 1, 1, TRUE, 1, 7, 3);